sample_order,qid,selection_length_band_50k,fixed_source_updates,source_tokens,domain,sub_domain,difficulty,selection_hash,worker_1_novel_tokens,worker_2_novel_tokens,worker_3_novel_tokens,worker_4_novel_tokens,max_worker_novel_tokens
1,6719c1febb02136c067d44db,3,4,117226,Long-dialogue History Understanding,Dialogue history QA,easy,0d155be451549c651a49a06347bbafebb9059ba037917ad56e0c6de46fc48ada,29306,29307,29306,29307,29307
2,66fa700bbb02136c067c6c06,3,4,100168,Code Repository Understanding,Code repo QA,easy,27a7df5575599b832a29e99ff13e6842f8e33c91d00271572ddb409cf95891f2,25042,25042,25042,25042,25042
3,6703bed0bb02136c067cd381,3,4,118059,Single-Document QA,Legal,easy,457d136c7b73b4295023f01d9e39eb08fe7a92b56e01d70edef0cf7900918cd3,29514,29515,29515,29515,29515
4,6725d977bb02136c067d8373,3,4,128877,Long In-context Learning,Many-shot learning,easy,46149fa7ff810e6158aeeb45c7227b8fab9f409079ba0d5ac0ca6a6e3de548fc,32219,32219,32219,32220,32220
5,67191791bb02136c067d406c,3,4,118705,Long-dialogue History Understanding,Dialogue history QA,easy,5c62b395b5618f94e0fdc259d9d12866acd8677d686c3edcf18e51dbe3e5fe98,29676,29676,29676,29677,29677
6,66f3cca6821e116aacb2ef7c,3,4,102913,Multi-Document QA,Governmental,easy,5c9e96f350042048db27e127884f2344af0ca02047e46c76e3a0a9869ec99e64,25728,25728,25728,25729,25729
7,66ec4e43821e116aacb1cb54,3,4,126818,Long In-context Learning,User guide QA,easy,6856434e2eee7f6b62ea0ca76c5d48f49e5eb0940abea9d83bb3f73bc63be25d,31704,31705,31704,31705,31705
8,67285e1dbb02136c067d901b,3,4,144358,Long Structured Data Understanding,Knowledge graph reasoning,easy,69276d5095e86e96e823e243024989728ba4e15c2f9c13780877561eb6135163,36089,36090,36089,36090,36090
9,670646aebb02136c067cf85a,3,4,113351,Multi-Document QA,Multi-news,easy,6a4a589970941b2a432779d4918870e4b107e90067caabec65a98a3bc54fe626,28337,28338,28338,28338,28338
10,67192e81bb02136c067d427f,3,4,121145,Long-dialogue History Understanding,Dialogue history QA,easy,6c85312ff17ae8781621c48b796ff2d5b10534f9206a67eed4f35e60422cc47d,30286,30286,30286,30287,30287
11,66fa415cbb02136c067c671c,3,4,138869,Multi-Document QA,Governmental,easy,6e416d46d2a8e4c13ab02f441f4d0b0e3e5c95ab9996db196f3d75441f4bbfbb,34717,34717,34717,34718,34718
12,66f2b5ec821e116aacb2b1ec,3,4,111337,Long Structured Data Understanding,Table QA,easy,8b1078ff5e4a3938cffd3d5c610a2f55c72cc7ebc32b76df0a4c404814759ad2,27834,27834,27834,27835,27835
13,67239fd9bb02136c067d6ff7,3,4,148830,Single-Document QA,Event ordering,easy,8d0c26a673310ef74fcf7db1b50e1b5d849ae95c81cb992850be26a8d2d9770d,37207,37208,37207,37208,37208
14,66ed23ce821e116aacb1ee84,3,4,119250,Long In-context Learning,User guide QA,easy,8f900a8bae252f260ae6aafdf9a054c3f467d1ce0d3f312f6f5fec9e9c2a6acf,29812,29813,29812,29813,29813
15,66f2616e821e116aacb28e0c,3,4,131501,Long In-context Learning,User guide QA,easy,a2661b4c458bb9e70007e06d1bcd8cec8632430456f9ac851b040078d964e76e,32875,32875,32875,32876,32876
16,67249705bb02136c067d76d1,3,4,145705,Long Structured Data Understanding,Knowledge graph reasoning,easy,a330e60e48a60ef594062fa6e173f0a94eaa21d0b43be147f772fa9667b83e95,36426,36426,36426,36427,36427
17,6719ef50bb02136c067d4911,3,4,118848,Long-dialogue History Understanding,Dialogue history QA,easy,a82326641cbd8a704de9a6062dae0b87cfb53ab7440bff5499011957e7d5a2d4,29712,29712,29712,29712,29712
18,672494e5bb02136c067d7697,3,4,143698,Long Structured Data Understanding,Knowledge graph reasoning,easy,c9c88f54d0efd328393388fad18275c6499908968b6d7e7055b2a844e6da265a,35924,35925,35924,35925,35925
19,671b2e2dbb02136c067d515b,3,4,120562,Long-dialogue History Understanding,Dialogue history QA,easy,d1e9c38dca5b6f504c2a2ab74856efd837702837943ac5fd222be94218a95e7f,30140,30141,30140,30141,30141
20,671b530dbb02136c067d5454,3,4,117058,Long-dialogue History Understanding,Dialogue history QA,easy,d55276446a13ffd4b96ac86352ae59f28bccd37aecddcdcabf3ae16021c42c02,29264,29265,29264,29265,29265
21,6723a1ccbb02136c067d70b3,3,4,149466,Single-Document QA,Event ordering,easy,d6a0ac133e18bd15cf351d38ce990b4acd09ce2fb3939c8f939b5744dd4040aa,37366,37367,37366,37367,37367
22,671b56cfbb02136c067d54e9,3,4,117417,Long-dialogue History Understanding,Dialogue history QA,easy,e05385cf7c41af45bea4d6bf1d37c242484bd8577ee5a850d30f5df3b2e1299f,29354,29354,29354,29355,29355
23,6719167dbb02136c067d4025,3,4,120061,Long-dialogue History Understanding,Dialogue history QA,easy,ea96faf55664289bdd2ce6ac2c0e80da622a99691331814d5ae69cc6d0a0dc22,30015,30015,30015,30016,30016
24,67192057bb02136c067d41b4,3,4,119471,Long-dialogue History Understanding,Dialogue history QA,easy,f2861385dad5efd9118b8d66cb1c2b568237c27b63222241d6a110d5e7e4361f,29867,29868,29868,29868,29868
25,671b5d49bb02136c067d55fb,3,4,119925,Long-dialogue History Understanding,Dialogue history QA,easy,f4a0b0086cde323ef85ed6b63c8305bec44a24141502707dff5126ed694caf26,29981,29981,29981,29982,29982
26,66ec2755821e116aacb1b6f2,4,4,177503,Single-Document QA,Literary,easy,0c42a4e36ff6248ef5bb91d5e0ef46fe77b5a53a240bec656717eb07b8964346,44375,44376,44376,44376,44376
27,6724694fbb02136c067d752b,4,4,166354,Single-Document QA,Event ordering,easy,16157b54057c1ed50c0245bce47abba2c52f2de8000ac3a49612820c5e070df7,41588,41589,41588,41589,41589
28,66f4eff3821e116aacb31bc8,4,4,181685,Long In-context Learning,User guide QA,easy,1c74949fcb96ff56810fa0409b5211e33a842a5c1e6e2bab9e97e180a0350fbc,45421,45421,45421,45422,45422
29,66f38969821e116aacb2d6ec,4,4,177837,Single-Document QA,Literary,easy,1c8188aff2e09366df1d6a00566b45dd200a4ab915016e0f66f0b746411e9990,44459,44459,44459,44460,44460
30,6724938fbb02136c067d7657,4,4,178849,Long Structured Data Understanding,Knowledge graph reasoning,easy,2397e884be1f643ecdd23abf011740dcb296896e5cf3797d984c2d6df741798e,44712,44712,44712,44713,44713
31,66ec1054821e116aacb19f1a,4,4,158166,Long In-context Learning,User guide QA,easy,2b34c79eceee80ff33fe18e82ce78f93bd3403ebf6a9ad56cfa1b4c9a943a009,39541,39542,39541,39542,39542
32,67286036bb02136c067d9092,4,4,153318,Long Structured Data Understanding,Knowledge graph reasoning,easy,34f0660c0198ec39653f74d0aaed7c3febefbc54d294304043aacf1590a23d7f,38329,38330,38329,38330,38330
33,6724c1d4bb02136c067d77ec,4,4,158744,Long Structured Data Understanding,Knowledge graph reasoning,easy,41541f88cccd5b03bbeae8b7604c62ac27da4589a06847d2565f4885bc7291e9,39686,39686,39686,39686,39686
34,67009bd8bb02136c067caba9,4,4,181585,Multi-Document QA,Multi-news,easy,42b3ac4ffcec2f00a740f8c719e7b7b1f7109d8f44206d8851eb8a0bc5d15a3b,45396,45396,45396,45397,45397
35,6725d898bb02136c067d82d6,4,4,156920,Long In-context Learning,Many-shot learning,easy,5741caf093c3a0d729d19675ac0ba59cf5ac6a1771be52403f1e5a43cda2cff8,39230,39230,39230,39230,39230
36,6724c788bb02136c067d792d,4,4,189907,Long Structured Data Understanding,Knowledge graph reasoning,easy,7689bbd14424dea3f7ccca78353e0e0cf95138774c8e5797c825da84790d431a,47476,47477,47477,47477,47477
37,66fb6527bb02136c067c7b4f,4,4,198018,Multi-Document QA,Legal,easy,7c9f3c204b91c3f8985fd91e74df09f40208552590608741e8c83ad044d7657c,49504,49505,49504,49505,49505
38,67246903bb02136c067d74f2,4,4,176725,Single-Document QA,Event ordering,easy,8618510697e10f202e8a9159fcbb09ab98f1f297476a605679a2d76a398e532d,44181,44181,44181,44182,44182
39,66f2d224821e116aacb2bb8a,4,4,158360,Long In-context Learning,User guide QA,easy,947f7e8295e931f3c6630b01f79c339eace1111c49e183be90b09f6f8e83e172,39590,39590,39590,39590,39590
40,670bf1c4bb02136c067d2341,4,4,167132,Single-Document QA,Detective,easy,a0a07235ab3db5eb8a49da8f0251a5005b30c23b9858980b0d169a44780d3b4b,41783,41783,41783,41783,41783
41,66f41108821e116aacb30c41,4,4,177806,Multi-Document QA,Financial,easy,af91af4a1e6c0ed4b24fff0882463714a6ea99bd4562e8103814a6f03994b8da,44451,44452,44451,44452,44452
42,66ece545821e116aacb1dd77,5,4,220720,Code Repository Understanding,Code repo QA,easy,17dcc4f2b0bfd9add23f1e7c3509755f798f1a9e087197474c24b144318127e8,55180,55180,55180,55180,55180
43,6728586bbb02136c067d8f4f,5,4,220293,Long Structured Data Understanding,Knowledge graph reasoning,easy,6b6b890ff10d00c11aa779fccf57738a2cafffe23adbde451b2c35eed16abf17,55073,55073,55073,55074,55074
44,67239f49bb02136c067d6fc0,5,4,219957,Single-Document QA,Event ordering,easy,7075ef929d82c55f1733d08162147526bf232532f6d656c341deea077a35273a,54989,54989,54989,54990,54990
45,6707b84cbb02136c067d10a5,5,4,245861,Long In-context Learning,User guide QA,easy,75159cf704064fe2e630999ad204aa7334cd2e52fef8a8139960276428f8ed59,61465,61465,61465,61466,61466
46,67041f08bb02136c067cdb52,5,4,240963,Long In-context Learning,User guide QA,easy,97d90de9eadee521c67a91da82ea1fbb1e47a70769dbb0e182bf28ccc1ca9c08,60240,60241,60241,60241,60241
47,66f97dc3bb02136c067c56c8,5,4,237976,Multi-Document QA,Legal,easy,b9727d9626be4922c51bdca4f98e0b0aacdbb1dd48b70ba4c546f2452b8a8f75,59494,59494,59494,59494,59494
48,66f3f947821e116aacb3029b,5,4,234000,Multi-Document QA,Financial,easy,c80a575a479aa79965d51bf5bb86fe0adbfc311baa23c287459861af866d62fb,58500,58500,58500,58500,58500
49,66f3f095821e116aacb2fd28,5,4,221060,Single-Document QA,Financial,easy,e03a4d9ace6138225dc4c0a44d50bcb9c0354a2ba75bd08e96786b184bdc49b2,55265,55265,55265,55265,55265
50,66fb8633bb02136c067c800b,5,4,235010,Multi-Document QA,Multi-news,easy,efc98b68322fd742a157d01b9110bc4f7c10ace8bc3b0e4ece26b6d7a606696e,58752,58753,58752,58753,58753
